company_id,company_name,broad_sector,sub_sector,year,net_profit_margin_pct_final,operating_profit_margin_pct_final,return_on_equity_pct_final,return_on_assets_pct,return_on_capital_employed_pct,debt_to_equity_final,interest_coverage_final,debt_to_assets_pct,borrowings_to_equity_pct,asset_turnover_final,sales_to_assets,sales_to_fixed_assets,free_cash_flow_cr_final,cash_from_operations_cr_final,fcf_margin_pct,cfo_to_net_profit,capex_to_sales_pct,pe_ratio_final,pb_ratio_final,ev_ebitda_final,dividend_yield_pct_final,market_cap_crore_final,enterprise_value_crore_final,earnings_per_share_final,book_value_per_share_final,dividend_payout_ratio_pct_final,sales_growth_pct,net_profit_growth_pct,eps_growth_pct,market_cap_growth_pct,total_assets_final,total_liabilities_final,reserves_final,borrowings_final,health_score,health_band
COALINDIA,Coal India Ltd,Materials,Mining & Metals,2024-03,26.26,47971.0,45.17,15.802850255846408,105.7129732333927,0.0788,11.2418,2.758489448978729,7.88468512027076,0.6019,0.6018691588785047,1.880900777078818,13617.0,18103.0,9.56760630673674,0.4844389734806925,3.151963126387679,,,,,,,61.0,1.3424,42.0,2.9453461794404445,17.79781231283295,17.307692307692314,,236470.0,236470.0,76567.0,6523.0,56.74,Average
HAL,Hindustan Aeronautics Ltd,Industrials,Defence & Aerospace,2024-03,25.0,32.0,3816.58,1687.7777777777776,3018.266253869969,0.6181,270.8837,27.33333333333333,61.80904522613066,67.5133,67.51333333333334,126.5875,1814.0,8226.0,5.970837036305586,1.083080974325214,21.105296073203647,,,,,,,114.0,3.98,31.0,12.823083778966126,30.70039580106694,31.034482758620683,,450.0,450.0,194.0,123.0,51.99,Average
INDIGO,Interglobe Aviation Ltd,Consumer Discretionary,Airlines,2024-03,11.85,16331.0,892.57,668.3306055646481,5640.87982832618,0.0186,22.6126,1.391162029459902,1.8579234972677596,56.3863,56.38625204582652,125.73722627737226,9424.0,21183.0,13.676999883896436,2.593730868127832,17.065772669220944,,,,,,,212.0,1.9062,0.0,26.55475149689601,-2676.340694006309,-2750.0,,1222.0,1222.0,867.0,17.0,51.36,Average
HINDUNILVR,"Hindustan Unilever Ltd
",Consumer Staples,FMCG,2024-03,16.61,14659.0,20.07,13.099924830230988,89.63037455884027,0.029,57.847,1.890710800239524,2.897418876176344,0.7886,0.7885945801322478,1.1516820482286394,10145.0,15469.0,16.39039679462324,1.504473837774752,8.601525138942742,,,,,,,44.0,21.7949,96.0,2.172334103664575,1.370403233757278,2.3255813953488413,,78489.0,78489.0,50983.0,1484.0,49.94,Average
TCS,Tata Consultancy Services Ltd,Information Technology,IT Services,2024-03,19.14,27.0,50.94,31.689259788825343,65.26850065983149,0.0886,87.0951,5.513775846898373,8.86406082507266,1.6559,1.6559406621205457,12.287951438481942,50429.0,44338.0,20.934190698774973,0.9617996051975096,2.528508507926756,,,,,,,127.0,24.997,58.0,6.846064455463985,8.973358863437575,10.43478260869566,,145472.0,145472.0,90127.0,8021.0,48.23,Weak
CIPLA,"Cipla Ltd
",Healthcare,Pharmaceuticals,2024-03,16.12,6291.0,15.55,12.768573448498447,71.45529230543534,0.0209,35.3388,1.7182553099929303,2.0931625851868496,0.7922,0.7922417237881536,2.682835432497137,1152.0,4134.0,4.469620547838908,0.9951853635050554,11.569799022270503,,,,,,,51.0,16.5876,25.0,13.2773700171406,46.62901517825626,45.71428571428571,,32533.0,32533.0,26545.0,559.0,47.95,Weak
HEROMOTOCO,"Hero MotoCorp Ltd
",Consumer Discretionary,Two Wheelers,2024-03,9.9,5235.0,21.14,14.30810996826368,177.83240467606248,0.0342,47.2685,2.3171337896226056,3.423922255494661,1.4449,1.4449202768324858,6.063703465982028,3095.0,4923.0,8.190214083463442,1.3156066274719402,4.8373865410569215,,,,,,,187.0,44.2475,75.0,10.630013466830611,33.64285714285715,32.62411347517731,,26153.0,26153.0,17659.0,606.0,47.81,Weak
ONGC,Oil & Natural Gas Corpn Ltd,Energy,Oil & Gas Exploration,2024-03,9.66,17.0,16.94,8.044955154739396,20.9759898500972,0.4544,11.3613,21.581658387035876,45.444863084819175,0.8332,0.8332173339682772,1.9815314922902687,42060.0,99263.0,7.111985877483108,1.7383758603176829,9.672537521390066,,,,,,,39.0,5.3588,31.0,-6.467749817726332,74.20525962535847,39.28571428571428,,709774.0,709774.0,330780.0,153181.0,47.81,Weak
IOC,"Indian Oil Corporation
",Energy,Oil & Gas Refining,2024-03,5.56,10.0,23.53,8.941893540895371,23.93527483514953,0.7231,10.2823,27.47724697161491,72.30954600718582,1.6084,1.6084096601703397,3.961020010408269,39635.0,71099.0,5.1052872923622274,1.6472973286068442,4.052800791393595,,,,,,,30.0,1.3318,40.0,-7.769947585761194,268.7713602187286,328.57142857142856,,482683.0,482683.0,169645.0,132628.0,47.73,Weak
ITC,"ITC Ltd
",Consumer Staples,Diversified FMCG,2024-03,29.28,37.0,27.85,22.61590775334045,35.06616762464911,0.0041,362.9625,0.3302308346230136,0.4066731984914169,0.7723,0.7723477995509732,2.5473040977713874,18742.0,17179.0,26.44709733863912,0.8278637174112091,2.205571077808822,,,,,,,16.0,5.9701,84.0,-0.0747331462654599,6.541048416080497,6.666666666666665,,91754.0,91754.0,73259.0,303.0,47.66,Weak
ICICIGI,ICICI Lombard General Insurance Company Ltd,Financials,General Insurance,2024-03,9.37,2577.0,15.72,3.031212484993997,146.3235294117647,0.0029,160.0268,0.0552852720035382,0.2867677181482999,0.3236,0.3236083907247109,22.029032258064515,486.0,2407.0,2.3722360521306194,1.2542991141219386,9.37667789329819,,,,,,,39.0,2.4757,28.0,14.606175878272554,10.989010989010994,11.428571428571432,,63308.0,63308.0,11712.0,35.0,47.35,Weak
BPCL,Bharat Petroleum Corporation Ltd,Energy,Oil & Gas Refining,2024-03,5.99,10.0,35.51000000000001,13.26907686075349,33.84830382235054,0.7219,11.3555,26.973391694414527,72.18747934157467,2.2137,2.213651947949293,5.162365492292449,25415.0,35936.0,5.671940243213869,1.3379500353698943,2.3480024906099985,,,,,,,62.0,3.541,33.0,-5.305302132138035,1160.3941811356171,1140.0,,202418.0,202418.0,73499.0,54599.0,47.33,Weak
INFY,Infosys Ltd,Information Technology,IT Services,2024-03,17.08,24.0,29.79,19.297162182032054,37.75589530966572,0.0949,87.5234,6.145419791207176,9.486358890553362,1.1298,1.129760329363329,5.563319093476214,20117.0,25210.0,13.09103923992972,0.960454129838464,3.314244810307802,,,,,,,63.0,4.2548,,4.7033733741236095,8.876721420275423,8.62068965517242,,136020.0,136020.0,86045.0,8359.0,47.32,Weak
LT,Larsen & Toubro Ltd,Industrials,Engineering & Construction,2024-03,7.03,14.0,77.66999999999999,56.44423467905896,135.20916334661354,0.1035,3.5442,7.518878884693581,10.345688880007993,8.0276,8.027628521638107,44.39128689018269,20445.0,18266.0,9.24640342268433,1.1748890461182222,0.9854689683555468,,,,,,,95.0,66.7267,36.0,20.602047550738774,24.06831058973744,26.66666666666666,,27544.0,27544.0,19988.0,2071.0,47.27,Weak
LICI,Life Insurance Corporation of India,Financials,Life Insurance,2024-03,4.84,4.0,49.45,0.7696696436280568,39.61352073186944,0.0,371.9375,0.0,0.0,0.1591,0.1591344094587576,40.93317849712101,853.0,26122.0,0.1008314754966511,0.6384299540522045,2.986999477520373,,,,,,,66.0,1.3083,15.0,7.817462542759124,13.665027641192328,1.538461538461533,,5316047.0,5316047.0,76422.0,0.0,47.17,Weak
HCLTECH,HCL Technologies Ltd,Information Technology,IT Services,2024-03,14.29,22.0,23.01,15.867725188372422,32.690722902959976,0.0844,46.4611,5.815809142880229,8.435023365512796,1.1102,1.1101650405025958,3.1347289165216896,15840.0,22448.0,14.411398105774568,1.428898790579249,6.012027694631208,,,,,,,58.0,12.5715,90.0,8.335633180886305,5.8268777366116575,5.454545454545445,,99006.0,99006.0,67720.0,5758.0,47.13,Weak
ADANIPOWER,Adani Power Ltd,Energy,Power & Utilities,2024-03,41.37,36.0,48.28,22.63800280407352,23.441056570774556,0.8023,8.2972,37.6224065037116,80.23177656738903,0.5472,0.5472399439185297,0.7990192966865558,17651.0,14170.0,35.055907529145394,0.6803015027125642,6.91346745844174,,,,,,,54.0,1.1186,0.0,29.86098573749773,94.17358068425467,92.85714285714286,,92009.0,92009.0,39288.0,34616.0,47.12,Weak
BAJAJ-AUTO,Bajaj Auto Ltd,Consumer Discretionary,Two Wheelers,2024-03,17.18,20.0,26.61,19.59129727531517,28.389583468290468,0.066,174.4167,4.859699064660431,6.6017540225122575,1.1405,1.1404534363562424,13.947777432390426,6486.0,6558.0,14.455092489413865,0.8508043591074209,0.1604635613995988,,,,,,,276.0,10.3806,29.0,23.08325332601837,27.1947194719472,28.971962616822424,,39344.0,39344.0,28683.0,1912.0,47.04,Weak
SUNPHARMA,Sun Pharmaceuticals Industries Ltd,Healthcare,Pharmaceuticals,2024-03,19.82,28.0,15.09,11.2650630655976,19.446975695015013,0.0514,58.3319,3.837858114127632,5.142381453500244,0.5685,0.5684929901064378,2.08939726853647,11372.0,12135.0,23.448873126172757,1.2627471383975026,1.5732931933934058,,,,,,,40.0,26.5279,34.0,10.506767534065542,12.88617408669095,14.28571428571428,,85308.0,85308.0,63427.0,3274.0,47.01,Weak
MARUTI,Maruti Suzuki India Ltd,Consumer Discretionary,Automobiles,2024-03,9.51,13.0,15.75,11.697772843960314,21.720269608414768,0.0014,117.9072,0.1032054395337542,0.1389602503619973,1.2303,1.230295566502463,5.090902565942939,4936.0,16801.0,3.479535873902071,1.245625741399763,8.363997800617518,,,,,,,429.0,54.5452,29.0,19.80238155561185,63.21393998063891,56.56934306569343,,115304.0,115304.0,85479.0,119.0,46.9,Weak
NESTLEIND,Nestle India Ltd,Consumer Staples,Food Products,2024-03,16.12,24.0,117.75,37.37527321106148,157.74762550881954,0.1033,41.1862,3.278532737812411,10.32934131736527,2.3182,2.318160220469448,7.050289017341041,2938.0,4175.0,12.043945232434206,1.0615306381896772,5.070919078461917,,,,,,,41.0,3.4792,79.0,27.54365784795567,31.14371457152385,32.258064516129025,,10523.0,10523.0,3244.0,345.0,46.87,Weak
ABB,Abbott India Ltd,Industrials,Capital Goods,2024-03,20.53,25.0,32.47,23.127286732139417,38.41882601797991,0.0224,141.75,1.5983054111303678,2.243849689105164,1.1263,1.1263238975544,25.995555555555555,797.0,1213.0,13.626260899299025,1.009991673605329,7.112326893486067,,,,,,,565.0,17.6143,73.0,9.347541596560106,26.55426765015807,26.39821029082774,,5193.0,5193.0,3678.0,83.0,46.84,Weak
ADANIPORTS,"Adani Ports & Special Economic Zone Ltd
",Industrials,Infrastructure,2024-03,30.34,58.0,15.35,6.926554927819896,15.246263985603631,0.9373,5.9495,42.28241267019376,93.7322369168972,0.2283,0.2283010965905691,0.3554452546973971,8250.0,15018.0,30.886151772677923,1.8531589338598224,25.33787578151324,,,,,,,38.0,12.2171,16.0,28.09802417034337,50.324615099239466,52.0,,116999.0,116999.0,52346.0,49470.0,46.8,Weak
EICHERMOT,Eicher Motors Ltd,Consumer Discretionary,Two Wheelers,2024-03,24.2,26.0,22.17,17.309106640709494,23.444354183590576,0.0232,114.7059,1.8126757516764007,2.3219728456636184,0.7154,0.7153796236210254,5.674673987645848,890.0,3724.0,5.382196419932269,0.9307673081729568,17.138364779874212,,,,,,,146.0,66.8333,35.0,14.499376817615284,37.30267673301304,36.44859813084111,,23115.0,23115.0,18018.0,419.0,46.79,Weak
ASIANPAINT,"Asian Paints
Indian Multi-National Paint and Coating Manufacturing Company",Materials,Paints & Coatings,2024-03,15.66,21.0,29.68,18.58800709006388,35.77323963590058,0.1321,41.0049,8.273970770208354,13.21016659547202,1.1871,1.187084044011906,4.966419476703512,3556.0,6104.0,10.018312438371602,1.0982367758186398,7.17847584166784,,,,,,,57.0,19.5083,58.0,2.9168720461596465,32.491060786650785,32.558139534883715,,29901.0,29901.0,18632.0,2474.0,46.77,Weak
IRCTC,Indian Railway Catering & Tourism Corporation Ltd,Consumer Discretionary,Travel & Tourism,2024-03,26.02,34.0,34.4,18.240026268264653,44.559270516717326,0.0186,82.7368,0.9850599244787392,1.8575851393188851,0.701,0.7010343129207027,12.448979591836734,667.0,882.0,15.620608899297425,0.7938793879387939,5.035128805620609,,,,,,,14.0,2.0187,47.0,20.58740468794127,10.437375745526833,7.692307692307687,,6091.0,6091.0,3070.0,60.0,46.76,Weak
BOSCHLTD,Bosch Ltd,Consumer Discretionary,Auto Ancillaries,2024-03,14.89,13.0,20.64,14.34745030250648,17.30975791126167,0.0032,71.7843,0.2247191011235955,0.3232758620689655,0.9638,0.9638144626908672,9.450282485875706,1536.0,1253.0,9.182758414539368,0.5032128514056224,1.691875411012136,,,,,,,844.0,40.2133,44.0,12.043673387366873,74.85955056179776,74.74120082815733,,17355.0,17355.0,12034.0,39.0,46.75,Weak
BRITANNIA,Britannia Industries Ltd,Consumer Staples,Food Products,2024-03,12.73,19.0,54.15,23.522927689594358,52.72182453803895,0.524,20.5976,22.76234567901235,52.39786856127886,1.8484,1.8484347442680773,6.051605918440996,3050.0,2573.0,18.18832369252788,1.2057169634489222,2.844534557815016,,,,,,,89.0,16.4208,83.0,2.8709895098460114,-7.85837651122625,-7.2916666666666625,,9072.0,9072.0,3917.0,2065.0,46.74,Weak
PIDILITIND,Pidilite Industries Ltd,Materials,Specialty Chemicals,2024-03,14.11,22.0,20.78,14.466710831401125,30.807736063708763,0.0454,54.3333,3.1632991056641275,4.543832520518616,1.0254,1.0254223252732693,2.2716932672904053,955.0,2724.0,7.712186061535976,1.559244419004007,14.285714285714285,,,,,,,34.0,16.4843,47.0,4.949571997626912,35.53141970519782,36.00000000000001,,12076.0,12076.0,8356.0,382.0,46.71,Weak
LTIM,LTIMindtree Ltd,Information Technology,IT Services,2024-03,12.91,18.0,22.9,16.64609352309033,28.91615356754799,0.1035,31.9324,7.518878884693581,10.345688880007993,1.2895,1.289464130119082,7.13049588436057,1752.0,5670.0,4.932849058197483,1.236641221374046,11.031337106174508,,,,,,,155.0,66.7267,42.0,7.0337220866106165,3.968253968253976,4.026845637583887,,27544.0,27544.0,19988.0,2071.0,46.7,Weak
DRREDDY,Dr Reddys Laboratories Ltd,Healthcare,Pharmaceuticals,2024-03,19.91,28.0,19.74,14.383702939659615,26.21872624516641,0.0709,51.7076,5.162454873646209,7.085722375592836,0.7223,0.7223053120165034,2.686648762708613,509.0,4543.0,1.817143265145836,0.8144496235209753,14.401485130841454,,,,,,,67.0,34.041,12.0,13.542764491284952,23.76303527845573,24.07407407407407,,38780.0,38780.0,28171.0,2002.0,46.69,Weak
TORNTPHARM,Torrent Pharmaceuticals Ltd,Healthcare,Pharmaceuticals,2024-03,15.44,31.0,24.15,11.416752843846949,30.96157381871668,0.5866,9.9266,27.72836952774905,58.66394399066511,0.7396,0.7396070320579111,1.3182600147456378,3106.0,3266.0,28.95227442207308,1.9722222222222223,1.4914243102162563,,,,,,,49.0,4.0568,57.0,11.517671517671513,33.01204819277108,32.432432432432435,,14505.0,14505.0,6687.0,4022.0,46.68,Weak
DABUR,Dabur India Ltd,Consumer Staples,Personal Products,2024-03,14.6,19.0,18.36,11.980682720296375,21.36942391594693,0.1384,23.2419,9.030166710770043,13.835394283397523,0.8206,0.8205874569992061,3.251376146788991,1042.0,2013.0,8.400515962592712,1.1115405853119824,7.828119961302805,,,,,,,10.0,5.574,53.0,7.580225498699056,6.466784244562018,0.0,,15116.0,15116.0,9689.0,1365.0,46.66,Weak
HAVELLS,Havells India Ltd,Industrials,Consumer Electricals,2024-03,6.84,10.0,17.07,10.222794176787582,24.270967741935483,0.0407,25.3571,2.437062655835277,4.0687525177924,1.4952,1.4952143489101584,4.66148445336008,335.0,1953.0,1.8020441097364173,1.5365853658536586,8.703604088219473,,,,,,,20.0,11.8206,44.0,9.928448938560708,18.56343283582089,17.647058823529417,,12433.0,12433.0,7384.0,303.0,46.64,Weak
TRENT,Trent Ltd,Consumer Discretionary,Retail,2024-03,11.94,16.0,36.31,20.622731080703712,33.86016148428105,0.4309,8.0435,24.476403239318625,43.09242871189774,1.7279,1.727869310248534,5.051020408163265,841.0,1349.0,6.795959595959595,0.913337846987136,4.105050505050505,,,,,,,42.0,11.3,8.0,50.14559572919195,274.8730964467005,223.0769230769231,,7162.0,7162.0,4032.0,1753.0,46.64,Weak
